-- Customers
INSERT INTO Customers (CustomerID, Nome, Segmento, Regiao, DataContrato, Plano) VALUES
(1, 'da Mata', 'SaaS', 'Nordeste', '2023-10-19', 'Pro'),
(2, 'Pimenta - EI', 'Varejo', 'Centro-Oeste', '2023-06-07', 'Enterprise'),
(3, 'Aragão - EI', 'Tecnologia', 'Norte', '2025-04-24', 'Enterprise'),
(4, 'da Cruz', 'Educação', 'Sudeste', '2023-07-19', 'Enterprise'),
(5, 'da Rocha Pinto - ME', 'Financeiro', 'Norte', '2025-09-30', 'Pro'),
(6, 'Novaes S/A', 'SaaS', 'Nordeste', '2024-10-12', 'Pro'),
(7, 'Montenegro', 'Educação', 'Sudeste', '2023-12-08', 'Basic'),
(8, 'Fonseca', 'Saúde', 'Norte', '2024-01-29', 'Basic'),
(9, 'Casa Grande - EI', 'Financeiro', 'Sul', '2023-11-21', 'Basic'),
(10, 'Teixeira Aragão S.A.', 'Varejo', 'Norte', '2025-10-06', 'Pro'),
(11, 'Andrade', 'Educação', 'Sudeste', '2024-03-15', 'Basic'),
(12, 'Pinto - ME', 'Educação', 'Centro-Oeste', '2024-06-30', 'Enterprise'),
(13, 'Alves Correia e Filhos', 'Educação', 'Sul', '2024-01-26', 'Basic'),
(14, 'Porto', 'SaaS', 'Sul', '2024-06-07', 'Enterprise'),
(15, 'da Luz', 'SaaS', 'Sudeste', '2023-12-18', 'Basic'),
(16, 'Cavalcante', 'Tecnologia', 'Sul', '2025-11-14', 'Pro'),
(17, 'Macedo S/A', 'Saúde', 'Centro-Oeste', '2024-10-20', 'Pro'),
(18, 'Porto Sousa S.A.', 'Saúde', 'Sul', '2024-03-12', 'Pro'),
(19, 'Camargo S/A', 'Varejo', 'Norte', '2024-05-03', 'Enterprise'),
(20, 'da Luz', 'Alimentício', 'Sul', '2024-02-27', 'Pro'),
(21, 'Campos da Mata - EI', 'SaaS', 'Sudeste', '2025-02-17', 'Basic'),
(22, 'Santos Azevedo S/A', 'Educação', 'Centro-Oeste', '2024-12-24', 'Basic'),
(23, 'Novais S.A.', 'Varejo', 'Norte', '2024-04-03', 'Enterprise'),
(24, 'Gonçalves - ME', 'Saúde', 'Centro-Oeste', '2023-03-17', 'Pro'),
(25, 'Cavalcante', 'Varejo', 'Sul', '2025-09-20', 'Pro'),
(26, 'Ramos S/A', 'Financeiro', 'Nordeste', '2024-05-28', 'Basic'),
(27, 'Rios', 'SaaS', 'Centro-Oeste', '2023-05-17', 'Enterprise'),
(28, 'da Rosa Silveira S.A.', 'SaaS', 'Sul', '2025-06-08', 'Pro'),
(29, 'Ferreira', 'Educação', 'Nordeste', '2023-10-25', 'Enterprise'),
(30, 'Gomes', 'Financeiro', 'Sudeste', '2024-09-24', 'Enterprise'),
(31, 'Costela e Filhos', 'Financeiro', 'Norte', '2025-03-05', 'Pro'),
(32, 'da Cruz S.A.', 'Financeiro', 'Norte', '2023-01-09', 'Enterprise'),
(33, 'Correia Gonçalves e Filhos', 'Educação', 'Centro-Oeste', '2024-03-20', 'Enterprise'),
(34, 'Aragão', 'Tecnologia', 'Nordeste', '2023-09-17', 'Enterprise'),
(35, 'Garcia', 'Tecnologia', 'Sudeste', '2025-03-01', 'Pro'),
(36, 'Nunes', 'Alimentício', 'Sudeste', '2024-06-16', 'Basic'),
(37, 'Mendes', 'Tecnologia', 'Sudeste', '2024-10-07', 'Basic'),
(38, 'Marques e Filhos', 'SaaS', 'Sudeste', '2024-10-16', 'Basic'),
(39, 'Andrade e Filhos', 'Tecnologia', 'Norte', '2023-03-16', 'Basic'),
(40, 'Rodrigues S/A', 'Financeiro', 'Sul', '2025-12-04', 'Pro'),
(41, 'Moura', 'Financeiro', 'Sul', '2025-11-02', 'Basic'),
(42, 'Azevedo', 'Tecnologia', 'Sul', '2024-11-06', 'Pro'),
(43, 'Câmara', 'Saúde', 'Nordeste', '2024-12-30', 'Pro'),
(44, 'Azevedo', 'Financeiro', 'Sul', '2023-11-26', 'Basic'),
(45, 'Mendes Câmara S/A', 'SaaS', 'Norte', '2025-02-05', 'Pro'),
(46, 'Costela', 'Educação', 'Norte', '2025-08-17', 'Basic'),
(47, 'Moreira Ltda.', 'Saúde', 'Nordeste', '2025-10-31', 'Basic'),
(48, 'da Costa', 'Tecnologia', 'Norte', '2025-07-24', 'Pro'),
(49, 'Carvalho Rodrigues S.A.', 'Varejo', 'Sul', '2024-08-18', 'Basic'),
(50, 'Fernandes', 'Alimentício', 'Centro-Oeste', '2025-01-10', 'Basic'),
(51, 'das Neves', 'Varejo', 'Centro-Oeste', '2024-12-01', 'Enterprise'),
(52, 'Silva', 'Tecnologia', 'Sudeste', '2025-11-21', 'Basic'),
(53, 'Casa Grande', 'Financeiro', 'Nordeste', '2024-10-17', 'Enterprise'),
(54, 'das Neves Ltda.', 'Alimentício', 'Sul', '2023-08-28', 'Basic'),
(55, 'Jesus', 'Educação', 'Centro-Oeste', '2024-01-03', 'Enterprise'),
(56, 'Moura Sampaio S/A', 'SaaS', 'Centro-Oeste', '2024-11-03', 'Pro'),
(57, 'Leão', 'Tecnologia', 'Sul', '2025-03-03', 'Pro'),
(58, 'Garcia - EI', 'Saúde', 'Sudeste', '2025-07-18', 'Enterprise'),
(59, 'Camargo Nascimento Ltda.', 'Alimentício', 'Centro-Oeste', '2025-06-20', 'Pro'),
(60, 'Macedo', 'Tecnologia', 'Centro-Oeste', '2024-02-20', 'Basic'),
(61, 'Gomes', 'Tecnologia', 'Sudeste', '2024-07-10', 'Enterprise'),
(62, 'Sá', 'Tecnologia', 'Norte', '2024-01-01', 'Pro'),
(63, 'Peixoto Cunha e Filhos', 'Varejo', 'Centro-Oeste', '2024-11-23', 'Basic'),
(64, 'Pires', 'Alimentício', 'Sul', '2025-02-24', 'Enterprise'),
(65, 'da Costa S.A.', 'Varejo', 'Nordeste', '2025-10-13', 'Enterprise'),
(66, 'da Conceição Ltda.', 'Saúde', 'Sul', '2024-05-02', 'Basic'),
(67, 'Casa Grande - EI', 'Alimentício', 'Sudeste', '2023-07-30', 'Enterprise'),
(68, 'da Mota Vieira Ltda.', 'Saúde', 'Sudeste', '2024-04-20', 'Basic'),
(69, 'Fernandes Camargo - EI', 'Alimentício', 'Sul', '2025-05-12', 'Enterprise'),
(70, 'Teixeira - ME', 'Financeiro', 'Centro-Oeste', '2024-06-13', 'Pro'),
(71, 'Montenegro Melo S/A', 'Alimentício', 'Sudeste', '2025-09-09', 'Pro'),
(72, 'Azevedo', 'Varejo', 'Sul', '2023-03-29', 'Basic'),
(73, 'Camargo S/A', 'Alimentício', 'Sudeste', '2024-03-25', 'Pro'),
(74, 'Viana', 'Financeiro', 'Centro-Oeste', '2025-11-16', 'Pro'),
(75, 'Sá', 'Saúde', 'Sul', '2025-02-21', 'Pro'),
(76, 'Brito - EI', 'Financeiro', 'Norte', '2025-09-10', 'Basic'),
(77, 'Gonçalves S.A.', 'Saúde', 'Nordeste', '2023-07-19', 'Pro'),
(78, 'Moura S.A.', 'Financeiro', 'Nordeste', '2025-05-31', 'Pro'),
(79, 'Aparecida Câmara - ME', 'Financeiro', 'Sudeste', '2024-09-10', 'Pro'),
(80, 'Porto Cassiano - EI', 'Saúde', 'Nordeste', '2024-12-28', 'Enterprise'),
(81, 'Nogueira', 'Varejo', 'Sul', '2024-03-10', 'Enterprise'),
(82, 'Duarte', 'SaaS', 'Norte', '2024-05-16', 'Pro'),
(83, 'Borges', 'Tecnologia', 'Sul', '2024-04-07', 'Pro'),
(84, 'Araújo Silva S/A', 'Financeiro', 'Sul', '2025-05-08', 'Pro'),
(85, 'Cavalcante', 'Financeiro', 'Sul', '2024-09-17', 'Basic'),
(86, 'Andrade', 'Tecnologia', 'Nordeste', '2023-11-13', 'Basic'),
(87, 'Costa Barbosa S/A', 'Alimentício', 'Sudeste', '2025-09-22', 'Basic'),
(88, 'Sampaio', 'Varejo', 'Sul', '2023-02-12', 'Basic'),
(89, 'Aparecida - ME', 'SaaS', 'Sudeste', '2025-12-14', 'Pro'),
(90, 'Cardoso Silva S/A', 'Tecnologia', 'Sul', '2024-08-17', 'Enterprise'),
(91, 'Pinto', 'Varejo', 'Sul', '2023-03-14', 'Pro'),
(92, 'Cirino', 'Alimentício', 'Nordeste', '2025-05-05', 'Enterprise'),
(93, 'Rezende e Filhos', 'Tecnologia', 'Nordeste', '2025-12-08', 'Pro'),
(94, 'Ramos S.A.', 'Alimentício', 'Centro-Oeste', '2023-12-18', 'Pro'),
(95, 'Cunha Câmara S.A.', 'Varejo', 'Norte', '2024-05-04', 'Enterprise'),
(96, 'Cirino Duarte e Filhos', 'Tecnologia', 'Sul', '2025-05-25', 'Enterprise'),
(97, 'Teixeira Cirino Ltda.', 'Varejo', 'Sudeste', '2023-01-17', 'Pro'),
(98, 'Rocha Machado Ltda.', 'Saúde', 'Norte', '2024-06-06', 'Basic'),
(99, 'Cavalcante', 'Varejo', 'Norte', '2025-03-14', 'Pro'),
(100, 'Abreu', 'Educação', 'Sul', '2023-04-05', 'Basic');

-- Subscriptions
INSERT INTO Subscriptions (SubscriptionID, CustomerID, DataInicio, DataFim, MRR, Status) VALUES
(101, 1, '2024-10-29', '2025-09-06', 5000, 'Cancelado'),
(102, 2, '2024-07-13', NULL, 8000, 'Ativo'),
(103, 3, '2024-08-31', NULL, 1500, 'Ativo'),
(104, 4, '2024-07-03', NULL, 500, 'Ativo'),
(105, 5, '2024-10-16', NULL, 1500, 'Ativo'),
(106, 6, '2024-05-10', NULL, 1500, 'Ativo'),
(107, 7, '2024-12-25', NULL, 1500, 'Ativo'),
(108, 8, '2024-02-22', NULL, 8000, 'Ativo'),
(109, 9, '2024-11-16', NULL, 5000, 'Ativo'),
(110, 10, '2024-09-20', NULL, 500, 'Ativo'),
(111, 11, '2024-06-09', NULL, 500, 'Ativo'),
(112, 12, '2024-06-24', NULL, 1500, 'Ativo'),
(113, 13, '2024-10-10', NULL, 1500, 'Ativo'),
(114, 14, '2024-10-18', NULL, 7000, 'Ativo'),
(115, 15, '2024-05-13', NULL, 1500, 'Ativo'),
(116, 16, '2024-08-20', NULL, 8000, 'Ativo'),
(117, 17, '2024-10-26', NULL, 8000, 'Ativo'),
(118, 18, '2024-09-27', NULL, 8000, 'Ativo'),
(119, 19, '2024-01-04', NULL, 8000, 'Ativo'),
(120, 20, '2024-10-18', NULL, 500, 'Ativo'),
(121, 21, '2024-11-13', NULL, 8000, 'Ativo'),
(122, 22, '2024-12-26', NULL, 1500, 'Ativo'),
(123, 23, '2024-03-13', '2025-03-19', 8000, 'Suspenso'),
(124, 24, '2024-05-01', '2025-04-08', 1500, 'Suspenso'),
(125, 25, '2024-06-09', NULL, 5000, 'Ativo'),
(126, 26, '2024-08-30', NULL, 500, 'Ativo'),
(127, 27, '2024-05-17', NULL, 1500, 'Ativo'),
(128, 28, '2024-11-26', NULL, 8000, 'Ativo'),
(129, 29, '2024-03-04', '2025-04-16', 1500, 'Suspenso'),
(130, 30, '2024-08-22', NULL, 1500, 'Ativo'),
(131, 31, '2024-11-28', NULL, 500, 'Ativo'),
(132, 32, '2024-01-08', NULL, 1500, 'Ativo'),
(133, 33, '2024-12-15', NULL, 500, 'Ativo'),
(134, 34, '2024-11-12', NULL, 500, 'Ativo'),
(135, 35, '2024-08-06', NULL, 1500, 'Ativo'),
(136, 36, '2024-12-02', '2025-07-12', 5000, 'Suspenso'),
(137, 37, '2024-11-28', NULL, 1500, 'Ativo'),
(138, 38, '2024-01-29', NULL, 5000, 'Ativo'),
(139, 39, '2024-09-09', NULL, 500, 'Ativo'),
(140, 40, '2024-07-05', NULL, 1500, 'Ativo'),
(141, 41, '2024-05-20', NULL, 500, 'Ativo'),
(142, 42, '2024-10-05', NULL, 1500, 'Ativo'),
(143, 43, '2024-02-10', NULL, 500, 'Ativo'),
(144, 44, '2024-03-14', '2025-09-11', 1500, 'Suspenso'),
(145, 45, '2024-03-17', NULL, 500, 'Ativo'),
(146, 46, '2024-01-14', NULL, 8000, 'Ativo'),
(147, 47, '2024-07-27', NULL, 1500, 'Ativo'),
(148, 48, '2024-09-22', NULL, 500, 'Ativo'),
(149, 49, '2024-12-07', NULL, 1500, 'Ativo'),
(150, 50, '2024-05-05', NULL, 7000, 'Ativo'),
(151, 51, '2024-06-16', NULL, 5000, 'Ativo'),
(152, 52, '2024-02-09', NULL, 500, 'Ativo'),
(153, 53, '2024-09-24', NULL, 1500, 'Ativo'),
(154, 54, '2024-08-16', NULL, 1500, 'Ativo'),
(155, 55, '2024-11-19', NULL, 500, 'Ativo'),
(156, 56, '2024-08-12', NULL, 500, 'Ativo'),
(157, 57, '2024-07-02', NULL, 7000, 'Ativo'),
(158, 58, '2024-01-16', '2025-03-31', 500, 'Cancelado'),
(159, 59, '2024-11-19', NULL, 8000, 'Ativo'),
(160, 60, '2024-04-16', NULL, 500, 'Ativo'),
(161, 61, '2024-01-04', NULL, 5000, 'Ativo'),
(162, 62, '2024-03-30', NULL, 500, 'Ativo'),
(163, 63, '2024-07-13', NULL, 7000, 'Ativo'),
(164, 64, '2024-01-10', NULL, 1500, 'Ativo'),
(165, 65, '2024-10-02', NULL, 1500, 'Ativo'),
(166, 66, '2024-09-22', NULL, 1500, 'Ativo'),
(167, 67, '2024-10-31', NULL, 500, 'Ativo'),
(168, 68, '2024-01-04', NULL, 7000, 'Ativo'),
(169, 69, '2024-09-02', NULL, 500, 'Ativo'),
(170, 70, '2024-08-23', '2025-04-01', 8000, 'Suspenso'),
(171, 71, '2024-06-29', NULL, 500, 'Ativo'),
(172, 72, '2024-03-16', NULL, 1500, 'Ativo'),
(173, 73, '2024-11-01', NULL, 1500, 'Ativo'),
(174, 74, '2024-06-04', NULL, 500, 'Ativo'),
(175, 75, '2024-06-13', NULL, 500, 'Ativo'),
(176, 76, '2024-06-23', NULL, 500, 'Ativo'),
(177, 77, '2024-12-02', NULL, 1500, 'Ativo'),
(178, 78, '2024-07-24', NULL, 1500, 'Ativo'),
(179, 79, '2024-04-29', NULL, 1500, 'Ativo'),
(180, 80, '2024-11-30', '2025-06-27', 500, 'Suspenso'),
(181, 81, '2024-12-29', NULL, 5000, 'Ativo'),
(182, 82, '2024-02-25', NULL, 7000, 'Ativo'),
(183, 83, '2024-08-05', NULL, 8000, 'Ativo'),
(184, 84, '2024-05-18', NULL, 5000, 'Ativo'),
(185, 85, '2024-12-29', NULL, 500, 'Ativo'),
(186, 86, '2024-07-02', NULL, 5000, 'Ativo'),
(187, 87, '2024-12-08', NULL, 500, 'Ativo'),
(188, 88, '2024-02-13', '2025-03-16', 1500, 'Suspenso'),
(189, 89, '2024-03-27', '2025-03-04', 500, 'Suspenso'),
(190, 90, '2024-05-28', NULL, 500, 'Ativo'),
(191, 91, '2024-03-29', NULL, 1500, 'Ativo'),
(192, 92, '2024-12-26', NULL, 1500, 'Ativo'),
(193, 93, '2024-05-12', NULL, 5000, 'Ativo'),
(194, 94, '2024-11-07', NULL, 5000, 'Ativo'),
(195, 95, '2024-08-27', NULL, 8000, 'Ativo'),
(196, 96, '2024-02-05', NULL, 7000, 'Ativo'),
(197, 97, '2024-11-10', NULL, 5000, 'Ativo'),
(198, 98, '2024-07-02', NULL, 500, 'Ativo'),
(199, 99, '2024-05-12', '2025-01-11', 500, 'Suspenso'),
(200, 100, '2024-08-04', NULL, 500, 'Ativo');

-- Surveys
INSERT INTO Surveys (SurveyID, CustomerID, DataPesquisa, Tipo, Score, Comentarios) VALUES
(201, 1, '2025-08-29', 'CSAT', 9, 'Satisfatório'),
(202, 2, '2025-12-08', 'NPS', 1, 'Pode melhorar'),
(203, 3, '2025-03-19', 'NPS', 4, 'Pode melhorar'),
(204, 4, '2025-09-21', 'CES', 2, 'Pode melhorar'),
(205, 5, '2025-07-16', 'NPS', 8, 'Satisfatório'),
(206, 6, '2025-06-19', 'CES', 4, 'Pode melhorar'),
(207, 7, '2025-07-08', 'NPS', 9, 'Satisfatório'),
(208, 8, '2025-04-11', 'CSAT', 6, 'Pode melhorar'),
(209, 9, '2025-07-08', 'NPS', 8, 'Satisfatório'),
(210, 10, '2025-06-23', 'CES', 5, 'Pode melhorar'),
(211, 11, '2025-01-31', 'NPS', 1, 'Pode melhorar'),
(212, 12, '2025-01-04', 'CES', 8, 'Satisfatório'),
(213, 13, '2025-09-13', 'NPS', 6, 'Pode melhorar'),
(214, 14, '2025-04-16', 'NPS', 1, 'Pode melhorar'),
(215, 15, '2025-02-09', 'CES', 6, 'Pode melhorar'),
(216, 16, '2025-10-03', 'NPS', 7, 'Satisfatório'),
(217, 17, '2025-11-27', 'CSAT', 9, 'Satisfatório'),
(218, 18, '2025-08-27', 'CSAT', 7, 'Satisfatório'),
(219, 19, '2025-01-13', 'NPS', 5, 'Pode melhorar'),
(220, 20, '2025-03-06', 'NPS', 6, 'Pode melhorar'),
(221, 21, '2025-10-16', 'CSAT', 1, 'Pode melhorar'),
(222, 22, '2025-08-19', 'CES', 8, 'Satisfatório'),
(223, 23, '2025-12-25', 'CES', 1, 'Pode melhorar'),
(224, 24, '2025-09-08', 'CES', 6, 'Pode melhorar'),
(225, 25, '2025-09-04', 'CES', 8, 'Satisfatório'),
(226, 26, '2025-02-18', 'CSAT', 7, 'Satisfatório'),
(227, 27, '2025-08-26', 'CSAT', 5, 'Pode melhorar'),
(228, 28, '2025-05-27', 'CSAT', 1, 'Pode melhorar'),
(229, 29, '2025-11-21', 'NPS', 1, 'Pode melhorar'),
(230, 30, '2025-10-16', 'CSAT', 8, 'Satisfatório'),
(231, 31, '2025-09-24', 'NPS', 9, 'Satisfatório'),
(232, 32, '2025-11-25', 'CSAT', 6, 'Pode melhorar'),
(233, 33, '2025-06-13', 'CES', 3, 'Pode melhorar'),
(234, 34, '2025-02-19', 'CSAT', 1, 'Pode melhorar'),
(235, 35, '2025-09-26', 'NPS', 10, 'Satisfatório'),
(236, 36, '2025-04-28', 'CSAT', 2, 'Pode melhorar'),
(237, 37, '2025-02-18', 'NPS', 3, 'Pode melhorar'),
(238, 38, '2025-05-01', 'NPS', 4, 'Pode melhorar'),
(239, 39, '2025-02-19', 'CSAT', 7, 'Satisfatório'),
(240, 40, '2025-01-15', 'NPS', 4, 'Pode melhorar'),
(241, 41, '2025-06-25', 'CES', 7, 'Satisfatório'),
(242, 42, '2025-07-11', 'CSAT', 9, 'Satisfatório'),
(243, 43, '2025-12-06', 'NPS', 3, 'Pode melhorar'),
(244, 44, '2025-02-08', 'NPS', 5, 'Pode melhorar'),
(245, 45, '2025-08-08', 'CES', 2, 'Pode melhorar'),
(246, 46, '2025-03-08', 'CES', 10, 'Satisfatório'),
(247, 47, '2025-07-17', 'NPS', 1, 'Pode melhorar'),
(248, 48, '2025-08-20', 'CES', 5, 'Pode melhorar'),
(249, 49, '2025-01-25', 'NPS', 1, 'Pode melhorar'),
(250, 50, '2025-05-10', 'NPS', 1, 'Pode melhorar'),
(251, 51, '2025-06-05', 'NPS', 1, 'Pode melhorar'),
(252, 52, '2025-04-17', 'CES', 7, 'Satisfatório'),
(253, 53, '2025-02-16', 'NPS', 6, 'Pode melhorar'),
(254, 54, '2025-11-02', 'CES', 4, 'Pode melhorar'),
(255, 55, '2025-01-11', 'CES', 8, 'Satisfatório'),
(256, 56, '2025-08-23', 'NPS', 2, 'Pode melhorar'),
(257, 57, '2025-09-18', 'CES', 5, 'Pode melhorar'),
(258, 58, '2025-06-07', 'NPS', 5, 'Pode melhorar'),
(259, 59, '2025-05-20', 'CES', 5, 'Pode melhorar'),
(260, 60, '2025-12-10', 'CSAT', 5, 'Pode melhorar'),
(261, 61, '2025-08-29', 'CSAT', 3, 'Pode melhorar'),
(262, 62, '2025-10-24', 'CSAT', 3, 'Pode melhorar'),
(263, 63, '2025-11-17', 'NPS', 5, 'Pode melhorar'),
(264, 64, '2025-08-24', 'CSAT', 6, 'Pode melhorar'),
(265, 65, '2025-03-30', 'NPS', 4, 'Pode melhorar'),
(266, 66, '2025-07-11', 'NPS', 8, 'Satisfatório'),
(267, 67, '2025-08-12', 'CES', 5, 'Pode melhorar'),
(268, 68, '2025-11-05', 'NPS', 1, 'Pode melhorar'),
(269, 69, '2025-06-21', 'NPS', 2, 'Pode melhorar'),
(270, 70, '2025-12-11', 'CES', 6, 'Pode melhorar'),
(271, 71, '2025-08-06', 'NPS', 4, 'Pode melhorar'),
(272, 72, '2025-07-27', 'NPS', 7, 'Satisfatório'),
(273, 73, '2025-10-07', 'NPS', 3, 'Pode melhorar'),
(274, 74, '2025-06-09', 'CES', 6, 'Pode melhorar'),
(275, 75, '2025-07-01', 'NPS', 7, 'Satisfatório'),
(276, 76, '2025-11-17', 'CES', 3, 'Pode melhorar'),
(277, 77, '2025-07-05', 'NPS', 10, 'Satisfatório'),
(278, 78, '2025-09-24', 'NPS', 8, 'Satisfatório'),
(279, 79, '2025-10-19', 'CES', 8, 'Satisfatório'),
(280, 80, '2025-01-09', 'NPS', 10, 'Satisfatório'),
(281, 81, '2025-02-08', 'CSAT', 9, 'Satisfatório'),
(282, 82, '2025-08-07', 'CSAT', 4, 'Pode melhorar'),
(283, 83, '2025-12-23', 'CSAT', 5, 'Pode melhorar'),
(284, 84, '2025-04-14', 'CSAT', 7, 'Satisfatório'),
(285, 85, '2025-09-19', 'CSAT', 3, 'Pode melhorar'),
(286, 86, '2025-03-20', 'CSAT', 9, 'Satisfatório'),
(287, 87, '2025-09-10', 'CES', 2, 'Pode melhorar'),
(288, 88, '2025-11-27', 'NPS', 6, 'Pode melhorar'),
(289, 89, '2025-03-26', 'NPS', 3, 'Pode melhorar'),
(290, 90, '2025-09-02', 'CES', 1, 'Pode melhorar'),
(291, 91, '2025-07-25', 'CSAT', 5, 'Pode melhorar'),
(292, 92, '2025-01-28', 'CES', 3, 'Pode melhorar'),
(293, 93, '2025-05-04', 'CSAT', 8, 'Satisfatório'),
(294, 94, '2025-02-06', 'CES', 1, 'Pode melhorar'),
(295, 95, '2025-09-24', 'CES', 6, 'Pode melhorar'),
(296, 96, '2025-02-16', 'CES', 5, 'Pode melhorar'),
(297, 97, '2025-12-04', 'CSAT', 8, 'Satisfatório'),
(298, 98, '2025-05-08', 'CSAT', 4, 'Pode melhorar'),
(299, 99, '2025-04-26', 'NPS', 3, 'Pode melhorar'),
(300, 100, '2025-05-14', 'NPS', 9, 'Satisfatório');

-- Payments
INSERT INTO Payments (PaymentID, CustomerID, DataPagamento, Valor, StatusPagamento) VALUES
(301, 1, '2025-02-18', 7000, 'Pago'),
(302, 2, '2025-01-19', 1500, 'Pago'),
(303, 3, '2025-11-12', 5000, 'Pago'),
(304, 4, '2025-11-29', 1500, 'Pendente'),
(305, 5, '2025-01-28', 1500, 'Pago'),
(306, 6, '2025-11-13', 1500, 'Pago'),
(307, 7, '2025-01-23', 500, 'Pendente'),
(308, 8, '2025-07-03', 7000, 'Falhado'),
(309, 9, '2025-06-13', 8000, 'Falhado'),
(310, 10, '2025-07-24', 1500, 'Falhado'),
(311, 11, '2025-03-15', 500, 'Pago'),
(312, 12, '2025-06-17', 1500, 'Pendente'),
(313, 13, '2025-09-03', 1500, 'Falhado'),
(314, 14, '2025-06-25', 500, 'Pendente'),
(315, 15, '2025-01-22', 8000, 'Falhado'),
(316, 16, '2025-10-16', 1500, 'Pendente'),
(317, 17, '2025-10-14', 1500, 'Pendente'),
(318, 18, '2025-02-28', 1500, 'Falhado'),
(319, 19, '2025-09-07', 500, 'Pendente'),
(320, 20, '2025-05-21', 8000, 'Falhado'),
(321, 21, '2025-06-10', 500, 'Pago'),
(322, 22, '2025-07-22', 5000, 'Falhado'),
(323, 23, '2025-12-18', 1500, 'Pago'),
(324, 24, '2025-12-14', 500, 'Pendente'),
(325, 25, '2025-11-16', 7000, 'Pendente'),
(326, 26, '2025-12-03', 500, 'Pendente'),
(327, 27, '2025-11-17', 5000, 'Pago'),
(328, 28, '2025-06-04', 1500, 'Falhado'),
(329, 29, '2025-05-16', 500, 'Pendente'),
(330, 30, '2025-07-07', 500, 'Pendente'),
(331, 31, '2025-03-28', 1500, 'Falhado'),
(332, 32, '2025-04-29', 8000, 'Pendente'),
(333, 33, '2025-02-19', 500, 'Pago'),
(334, 34, '2025-01-17', 500, 'Pendente'),
(335, 35, '2025-05-16', 1500, 'Falhado'),
(336, 36, '2025-03-04', 1500, 'Pendente'),
(337, 37, '2025-11-28', 500, 'Pago'),
(338, 38, '2025-07-15', 1500, 'Pendente'),
(339, 39, '2025-07-27', 500, 'Pendente'),
(340, 40, '2025-03-30', 500, 'Pago'),
(341, 41, '2025-11-03', 500, 'Falhado'),
(342, 42, '2025-02-23', 5000, 'Pendente'),
(343, 43, '2025-05-11', 500, 'Falhado'),
(344, 44, '2025-05-23', 1500, 'Falhado'),
(345, 45, '2025-01-15', 500, 'Falhado'),
(346, 46, '2025-04-23', 5000, 'Pendente'),
(347, 47, '2025-04-15', 1500, 'Pendente'),
(348, 48, '2025-10-21', 500, 'Pendente'),
(349, 49, '2025-07-23', 500, 'Falhado'),
(350, 50, '2025-02-05', 7000, 'Pendente'),
(351, 51, '2025-11-10', 8000, 'Pendente'),
(352, 52, '2025-10-15', 1500, 'Falhado'),
(353, 53, '2025-06-13', 8000, 'Pago'),
(354, 54, '2025-04-02', 1500, 'Pendente'),
(355, 55, '2025-09-23', 500, 'Falhado'),
(356, 56, '2025-01-25', 500, 'Pendente'),
(357, 57, '2025-01-04', 1500, 'Pendente'),
(358, 58, '2025-05-24', 500, 'Falhado'),
(359, 59, '2025-01-21', 500, 'Falhado'),
(360, 60, '2025-05-14', 500, 'Pendente'),
(361, 61, '2025-10-09', 5000, 'Pendente'),
(362, 62, '2025-04-30', 1500, 'Pago'),
(363, 63, '2025-05-14', 7000, 'Pago'),
(364, 64, '2025-12-11', 500, 'Pendente'),
(365, 65, '2025-08-26', 1500, 'Pendente'),
(366, 66, '2025-12-16', 500, 'Pago'),
(367, 67, '2025-06-28', 500, 'Falhado'),
(368, 68, '2025-02-05', 500, 'Pendente'),
(369, 69, '2025-09-19', 1500, 'Pendente'),
(370, 70, '2025-12-25', 5000, 'Falhado'),
(371, 71, '2025-10-11', 500, 'Pago'),
(372, 72, '2025-11-11', 7000, 'Pago'),
(373, 73, '2025-08-08', 500, 'Falhado'),
(374, 74, '2025-11-29', 1500, 'Falhado'),
(375, 75, '2025-11-06', 500, 'Falhado'),
(376, 76, '2025-05-14', 7000, 'Pendente'),
(377, 77, '2025-02-28', 500, 'Pago'),
(378, 78, '2025-02-23', 500, 'Pendente'),
(379, 79, '2025-12-25', 1500, 'Pago'),
(380, 80, '2025-02-03', 1500, 'Pago'),
(381, 81, '2025-07-17', 500, 'Pendente'),
(382, 82, '2025-08-05', 500, 'Falhado'),
(383, 83, '2025-12-02', 500, 'Pendente'),
(384, 84, '2025-04-17', 7000, 'Pago'),
(385, 85, '2025-04-29', 1500, 'Pendente'),
(386, 86, '2025-07-23', 7000, 'Falhado'),
(387, 87, '2025-05-20', 5000, 'Pendente'),
(388, 88, '2025-07-18', 500, 'Falhado'),
(389, 89, '2025-10-30', 7000, 'Pendente'),
(390, 90, '2025-11-14', 7000, 'Falhado'),
(391, 91, '2025-05-11', 500, 'Falhado'),
(392, 92, '2025-08-23', 8000, 'Pendente'),
(393, 93, '2025-07-28', 500, 'Pago'),
(394, 94, '2025-03-03', 500, 'Pago'),
(395, 95, '2025-05-04', 8000, 'Falhado'),
(396, 96, '2025-03-27', 7000, 'Falhado'),
(397, 97, '2025-11-03', 8000, 'Pendente'),
(398, 98, '2025-06-01', 500, 'Pendente'),
(399, 99, '2025-03-07', 5000, 'Falhado'),
(400, 100, '2025-01-13', 500, 'Falhado');

